timestamp,event,flow_id,step_idx,mood_pre,mood_post,mood_change,details
1759501959,flow_start,panic,0,,,,intent=breathing_exercise
1759501959,flow_step,panic,1,,,,step_id=consent_check
1759501967,flow_step,panic,2,,,,step_id=breathe_intro
1759501977,flow_step,panic,3,,,,step_id=breathe_steps
1759501986,flow_step,panic,4,,,,step_id=grounding
1759501993,flow_step,panic,5,,,,step_id=affirmation
1759502031,flow_complete,panic,6,,10,,
1759502061,flow_start,detachment,0,,10,,intent=grounding_exercise
1759502061,flow_step,detachment,1,,10,,step_id=orient
1759502076,flow_step,detachment,2,,10,,step_id=sensory
1759502086,flow_step,detachment,3,,10,,step_id=movement
1759502093,flow_step,detachment,4,,10,,step_id=affirmation
1759502147,flow_complete,detachment,5,,0,,
1759502340,flow_start,panic,0,,,,intent=greeting_start
1759502340,flow_step,panic,1,,,,step_id=consent_check
1759502359,flow_step,panic,2,,,,step_id=breathe_intro
1759502504,flow_start,detachment,0,,,,intent=grounding_exercise
1759502504,flow_step,detachment,1,,,,step_id=orient
1759502509,flow_step,detachment,2,,,,step_id=sensory
1759502511,flow_step,detachment,3,,,,step_id=movement
1759502514,flow_step,detachment,4,,,,step_id=affirmation
1759502519,mood_baseline,detachment,5,6,,,
1759502527,flow_complete,detachment,5,6,,,
1759503030,flow_start,detachment,0,,,,intent=grounding_exercise
1759503030,flow_step,detachment,1,,,,step_id=orient
1759503034,flow_step,detachment,2,,,,step_id=sensory
1759503036,flow_step,detachment,3,,,,step_id=movement
1759503038,flow_step,detachment,4,,,,step_id=affirmation
1759503043,mood_baseline,detachment,5,6,,,
1759503050,flow_complete,detachment,5,6,,,
1759503080,flow_start,panic,0,6,,,intent=breathing_exercise
1759503080,flow_step,panic,1,6,,,step_id=consent_check
1759503088,flow_step,panic,2,6,,,step_id=breathe_intro
1759503092,flow_step,panic,3,6,,,step_id=breathe_steps
1759503095,flow_step,panic,4,6,,,step_id=grounding
1759503098,flow_step,panic,5,6,,,step_id=affirmation
1759503109,mood_update,panic,6,6,8,2,
1759503116,flow_complete,panic,6,6,8,2,
1759504602,flow_start,panic,0,,,,intent=breathing_exercise
1759504602,flow_step,panic,1,,,,step_id=consent_check
1759504610,flow_step,panic,2,,,,step_id=breathe_intro
1759504615,flow_reset,panic,2,,,,
1759504643,flow_start,detachment,0,,,,intent=grounding_exercise
1759504643,flow_step,detachment,1,,,,step_id=orient
1759504671,flow_step,detachment,2,,,,step_id=sensory
1759504674,flow_step,detachment,3,,,,step_id=movement
1759504676,flow_step,detachment,4,,,,step_id=affirmation
1759504688,mood_baseline,detachment,5,6,,,
1759504691,flow_complete,detachment,5,6,,,
1759504709,flow_start,panic,0,6,,,intent=breathing_exercise
1759504709,flow_step,panic,1,6,,,step_id=consent_check
1759504719,flow_step,panic,2,6,,,step_id=breathe_intro
1759504722,flow_step,panic,3,6,,,step_id=breathe_steps
1759504723,flow_step,panic,4,6,,,step_id=grounding
1759504724,flow_step,panic,5,6,,,step_id=affirmation
1759504742,mood_update,panic,6,6,10,4,
1759504746,flow_complete,panic,6,6,10,4,
1760802990,flow_start,panic,0,,,,intent=breathing_exercise
1760802990,flow_step,panic,1,,,,step_id=consent_check
1760802997,flow_start,panic,0,,,,intent=breathing_exercise
1760802997,flow_step,panic,1,,,,step_id=consent_check
1760803007,flow_start,panic,0,,,,intent=breathing_exercise
1760803007,flow_step,panic,1,,,,step_id=consent_check
1760803011,flow_start,panic,0,,,,intent=breathing_exercise
1760803011,flow_step,panic,1,,,,step_id=consent_check
1760803014,flow_start,panic,0,,,,intent=breathing_exercise
1760803014,flow_step,panic,1,,,,step_id=consent_check
1760803030,flow_start,detachment,0,,,,intent=grounding_exercise
1760803030,flow_step,detachment,1,,,,step_id=orient
1760803036,flow_start,detachment,0,,,,intent=grounding_exercise
1760803036,flow_step,detachment,1,,,,step_id=orient
1760803039,flow_start,panic,0,,,,intent=check_in_mood
1760803039,flow_step,panic,1,,,,step_id=consent_check
1760803055,flow_start,detachment,0,,,,intent=grounding_exercise
1760803055,flow_step,detachment,1,,,,step_id=orient
1760803060,flow_start,panic,0,,,,intent=check_in_mood
1760803060,flow_step,panic,1,,,,step_id=consent_check
1760803069,flow_start,sadness,0,,,,intent=affirmation_request
1760803069,flow_step,sadness,1,,,,step_id=validate
1760803071,flow_start,panic,0,,,,intent=check_in_mood
1760803071,flow_step,panic,1,,,,step_id=consent_check
1760803073,flow_start,sadness,0,,,,intent=journal_prompt
1760803073,flow_step,sadness,1,,,,step_id=validate
1760803256,flow_start,panic,0,,,,intent=breathing_exercise
1760803256,flow_step,panic,1,,,,step_id=consent_check
1760803257,flow_start,detachment,0,,,,intent=grounding_exercise
1760803257,flow_step,detachment,1,,,,step_id=orient
1760803259,flow_start,sadness,0,,,,intent=journal_prompt
1760803259,flow_step,sadness,1,,,,step_id=validate
1760803259,mood_baseline,,0,5,,,
1760803259,mood_baseline,,0,7,,,
1760803259,mood_baseline,,0,3,,,
1760803259,mood_baseline,,0,9,,,
1761332432,flow_start,panic,0,,,,intent=breathing_exercise
1761332432,flow_step,panic,1,,,,step_id=consent_check
1761332443,flow_step,panic,2,,,,step_id=breathe_intro
1761332459,flow_step,panic,3,,,,step_id=breathe_steps
1761332475,flow_step,panic,4,,,,step_id=grounding
1761332531,flow_step,panic,5,,,,step_id=affirmation
1761332547,mood_baseline,panic,6,8,,,
1761332575,flow_complete,panic,6,8,,,
1761332593,flow_start,panic,0,8,,,intent=breathing_exercise
1761332593,flow_step,panic,1,8,,,step_id=consent_check
1761332608,flow_step,panic,2,8,,,step_id=breathe_intro
1761332613,flow_step,panic,3,8,,,step_id=breathe_steps
1761332616,flow_step,panic,4,8,,,step_id=grounding
1761332619,flow_step,panic,5,8,,,step_id=affirmation
1761332624,mood_update,panic,6,8,8,0,
1761332633,flow_complete,panic,6,8,8,0,
1761333835,flow_start,panic,0,,,,intent=breathing_exercise
1761333835,flow_step,panic,1,,,,step_id=consent_check
1761333994,flow_start,panic,0,,,,intent=breathing_exercise
1761333994,flow_step,panic,1,,,,step_id=consent_check
1761334257,flow_step,panic,2,,,,step_id=breathe_intro
1761334315,flow_start,panic,0,,,,intent=breathing_exercise
1761334315,flow_step,panic,1,,,,step_id=breathe_intro
1761334318,flow_step,panic,2,,,,step_id=breathe_steps
1761334321,flow_step,panic,3,,,,step_id=grounding
1761334324,flow_step,panic,4,,,,step_id=affirmation
1761334339,mood_baseline,panic,5,4,,,
1761334360,flow_start,panic,0,4,,,intent=breathing_exercise
1761334360,flow_step,panic,1,4,,,step_id=breathe_intro
1761334363,flow_step,panic,2,4,,,step_id=breathe_steps
1761334367,flow_step,panic,3,4,,,step_id=grounding
1761334369,flow_step,panic,4,4,,,step_id=affirmation
1761334376,mood_update,panic,5,4,6,2,
1761334411,flow_start,panic,0,4,6,2,intent=check_in_mood
1761334411,flow_step,panic,1,4,6,2,step_id=breathe_intro
1761334516,flow_start,panic,0,,,,intent=breathing_exercise
1761334516,flow_step,panic,1,,,,step_id=breathe_intro
1761334522,flow_step,panic,2,,,,step_id=breathe_steps
1761334523,flow_step,panic,3,,,,step_id=grounding
1761334524,flow_step,panic,4,,,,step_id=affirmation
1761334530,mood_baseline,panic,5,4,,,
1761334538,flow_start,irritation,0,4,,,intent=anger_management
1761334538,flow_step,irritation,1,4,,,step_id=pause
1761334543,flow_step,irritation,2,4,,,step_id=breath_box
1761334549,flow_step,irritation,3,4,,,step_id=label
1761334555,flow_step,irritation,4,4,,,step_id=reframe
1761334571,mood_update,irritation,5,4,6,2,
1761334581,flow_start,panic,0,4,6,2,intent=check_in_mood
1761334581,flow_step,panic,1,4,6,2,step_id=breathe_intro
1761334659,flow_start,panic,0,,,,intent=breathing_exercise
1761334659,flow_step,panic,1,,,,step_id=breathe_intro
1761334661,flow_step,panic,2,,,,step_id=breathe_steps
1761334662,flow_step,panic,3,,,,step_id=grounding
1761334663,flow_step,panic,4,,,,step_id=affirmation
1761334666,mood_baseline,panic,5,4,,,
1761334675,flow_start,irritation,0,4,,,intent=anger_management
1761334675,flow_step,irritation,1,4,,,step_id=pause
1761334679,flow_step,irritation,2,4,,,step_id=breath_box
1761334681,flow_step,irritation,3,4,,,step_id=label
1761334682,flow_step,irritation,4,4,,,step_id=reframe
1761334685,mood_update,irritation,5,4,6,2,
1761334695,flow_start,sadness,0,4,6,2,intent=affirmation_request
1761334695,flow_step,sadness,1,4,6,2,step_id=validate
1761334701,flow_step,sadness,2,4,6,2,step_id=breathe
1761334710,flow_step,sadness,3,4,6,2,step_id=self_compassion
1761334713,flow_step,sadness,4,4,6,2,step_id=tiny_step
1761334720,mood_update,sadness,5,4,7,3,
1761334732,flow_start,detachment,0,4,7,3,intent=grounding_exercise
1761334732,flow_step,detachment,1,4,7,3,step_id=orient
1761334740,flow_step,detachment,2,4,7,3,step_id=sensory
1761334750,flow_step,detachment,3,4,7,3,step_id=movement
1761334755,flow_step,detachment,4,4,7,3,step_id=affirmation
1761334765,mood_update,detachment,5,4,7,3,
1761334977,flow_start,irritation,0,,,,intent=anger_management
1761334977,flow_step,irritation,1,,,,step_id=pause
1761334982,flow_step,irritation,2,,,,step_id=breath_box
1761334985,flow_step,irritation,3,,,,step_id=label
1761334998,flow_step,irritation,4,,,,step_id=reframe
1761335005,mood_baseline,irritation,5,3,,,
1761335012,flow_start,detachment,0,3,,,intent=grounding_exercise
1761335012,flow_step,detachment,1,3,,,step_id=orient
1761335014,flow_step,detachment,2,3,,,step_id=sensory
1761335015,flow_step,detachment,3,3,,,step_id=movement
1761335016,flow_step,detachment,4,3,,,step_id=affirmation
1761335019,mood_update,detachment,5,3,2,-1,
1761336001,flow_start,panic,0,,,,intent=breathing_exercise
1761336001,flow_step,panic,1,,,,step_id=breathe_intro
1761336001,flow_step,panic,2,,,,step_id=breathe_steps
1761336001,flow_step,panic,3,,,,step_id=grounding
1761336001,flow_step,panic,4,,,,step_id=affirmation
1761336001,mood_baseline,panic,5,5,,,
1761336003,flow_start,irritation,0,,,,intent=anger_management
1761336003,flow_step,irritation,1,,,,step_id=pause
1761336003,flow_step,irritation,2,,,,step_id=breath_box
1761336003,flow_step,irritation,3,,,,step_id=label
1761336003,flow_step,irritation,4,,,,step_id=reframe
1761336003,mood_baseline,irritation,5,7,,,
1761336004,flow_start,sadness,0,,,,intent=affirmation_request
1761336004,flow_step,sadness,1,,,,step_id=validate
1761336004,flow_step,sadness,2,,,,step_id=breathe
1761336004,flow_step,sadness,3,,,,step_id=self_compassion
1761336004,flow_step,sadness,4,,,,step_id=tiny_step
1761336004,mood_baseline,sadness,5,6,,,
1761336005,flow_start,detachment,0,,,,intent=grounding_exercise
1761336005,flow_step,detachment,1,,,,step_id=orient
1761336005,flow_step,detachment,2,,,,step_id=sensory
1761336005,flow_step,detachment,3,,,,step_id=movement
1761336005,flow_step,detachment,4,,,,step_id=affirmation
1761336005,mood_baseline,detachment,5,8,,,
1761336005,mood_baseline,,0,3,,,
1761336005,mood_update,,0,3,7,4,
1761336005,mood_update,,0,3,2,-1,
1761336005,mood_update,,0,3,9,6,
1761336006,flow_start,panic,0,,,,intent=greeting_start
1761336006,flow_step,panic,1,,,,step_id=breathe_intro
1761336006,flow_reset,panic,1,,,,
1763136390,flow_start,panic,0,,,,intent=breathing_exercise
1763136390,flow_step,panic,1,,,,step_id=breathe_intro
1763136396,flow_step,panic,2,,,,step_id=breathe_steps
1763136403,flow_step,panic,3,,,,step_id=grounding
1763136406,flow_step,panic,4,,,,step_id=affirmation
1763136411,mood_baseline,panic,5,8,,,
1763136966,flow_start,panic,0,,,,intent=breathing_exercise
1763136966,flow_step,panic,1,,,,step_id=breathe_intro
1763136970,flow_step,panic,2,,,,step_id=grounding
1763137065,flow_start,panic,0,,,,intent=breathing_exercise
1763137065,flow_step,panic,1,,,,step_id=breathe_intro
1763137068,flow_step,panic,1,,,,step_id=breathe_steps
1763137071,flow_step,panic,2,,,,step_id=grounding
1763137179,flow_start,panic,0,,,,intent=breathing_exercise
1763137179,flow_step,panic,1,,,,step_id=breathe_intro
1763137184,flow_step,panic,1,,,,step_id=breathe_steps
1763137232,flow_step,panic,2,,,,step_id=grounding
1763137237,flow_step,panic,3,,,,step_id=affirmation
1763137241,flow_step,panic,4,,,,step_id=mood_post
1763137244,mood_baseline,panic,5,8,,,
1763137304,flow_start,panic,0,,,,intent=breathing_exercise
1763137304,flow_step,panic,1,,,,step_id=breathe_intro
1763137311,flow_step,panic,1,,,,step_id=breathe_steps
1763137322,flow_step,panic,2,,,,step_id=grounding
1763137327,flow_step,panic,3,,,,step_id=affirmation
1763137336,flow_step,panic,4,,,,step_id=mood_post
1763137338,mood_baseline,panic,5,8,,,
1763137469,flow_start,panic,0,,,,intent=breathing_exercise
1763137469,flow_step,panic,1,,,,step_id=breathe_intro
1763137472,flow_step,panic,1,,,,step_id=breathe_steps
1763137477,flow_step,panic,2,,,,step_id=grounding
1763137478,flow_step,panic,3,,,,step_id=affirmation
1763137480,flow_step,panic,4,,,,step_id=mood_post
1763137482,mood_baseline,panic,5,8,,,
1763137631,flow_start,panic,0,,,,intent=breathing_exercise
1763137631,flow_step,panic,1,,,,step_id=breathe_intro
1763137631,flow_step,panic,1,,,,step_id=breathe_steps
1763137632,flow_step,panic,2,,,,step_id=grounding
1763137632,flow_start,detachment,0,,,,intent=grounding_exercise
1763137632,flow_step,detachment,1,,,,step_id=orient
1763137632,flow_step,detachment,1,,,,step_id=sensory
1763137633,flow_start,irritation,0,,,,intent=anger_management
1763137633,flow_step,irritation,1,,,,step_id=pause
1763137633,flow_step,irritation,1,,,,step_id=breath_box
1763137633,flow_start,sadness,0,,,,intent=affirmation_request
1763137633,flow_step,sadness,1,,,,step_id=validate
1763137653,flow_start,panic,0,,,,intent=breathing_exercise
1763137653,flow_step,panic,1,,,,step_id=breathe_intro
1763137653,flow_step,panic,1,,,,step_id=breathe_steps
1763137654,flow_step,panic,2,,,,step_id=grounding
1763137654,flow_start,detachment,0,,,,intent=grounding_exercise
1763137654,flow_step,detachment,1,,,,step_id=orient
1763137654,flow_step,detachment,1,,,,step_id=sensory
1763137654,flow_start,irritation,0,,,,intent=anger_management
1763137654,flow_step,irritation,1,,,,step_id=pause
1763137654,flow_step,irritation,1,,,,step_id=breath_box
1763137655,flow_start,sadness,0,,,,intent=affirmation_request
1763137655,flow_step,sadness,1,,,,step_id=validate
1763137655,flow_step,sadness,1,,,,step_id=breathe
1763137655,flow_start,panic,0,,,,intent=breathing_exercise
1763137655,flow_step,panic,1,,,,step_id=breathe_intro
1763137655,flow_step,panic,1,,,,step_id=breathe_steps
1763137655,flow_step,panic,2,,,,step_id=grounding
1763137655,flow_step,panic,3,,,,step_id=affirmation
1763137655,flow_step,panic,4,,,,step_id=mood_post
1763137728,flow_start,panic,0,,,,intent=breathing_exercise
1763137728,flow_step,panic,1,,,,step_id=breathe_intro
1763137728,flow_step,panic,1,,,,step_id=breathe_steps
1763137729,flow_step,panic,2,,,,step_id=grounding
1763137729,flow_start,detachment,0,,,,intent=grounding_exercise
1763137729,flow_step,detachment,1,,,,step_id=orient
1763137729,flow_step,detachment,1,,,,step_id=sensory
1763137729,flow_start,irritation,0,,,,intent=anger_management
1763137729,flow_step,irritation,1,,,,step_id=pause
1763137729,flow_step,irritation,1,,,,step_id=breath_box
1763137730,flow_start,sadness,0,,,,intent=affirmation_request
1763137730,flow_step,sadness,1,,,,step_id=validate
1763137730,flow_step,sadness,1,,,,step_id=breathe
1763137730,flow_start,panic,0,,,,intent=breathing_exercise
1763137730,flow_step,panic,1,,,,step_id=breathe_intro
1763137730,flow_step,panic,1,,,,step_id=breathe_steps
1763137730,flow_step,panic,2,,,,step_id=grounding
1763137730,flow_step,panic,3,,,,step_id=affirmation
1763137730,flow_step,panic,4,,,,step_id=mood_post
1763137730,mood_baseline,panic,5,7,,,
1763137731,flow_start,panic,0,,,,intent=breathing_exercise
1763137731,flow_step,panic,1,,,,step_id=breathe_intro
1763137731,flow_step,panic,1,,,,step_id=breathe_steps
1763137731,flow_step,panic,2,,,,step_id=grounding
1763137731,flow_step,panic,3,,,,step_id=affirmation
1763137731,flow_step,panic,4,,,,step_id=mood_post
1763137731,flow_start,panic,0,,,,intent=breathing_exercise
1763137731,flow_step,panic,1,,,,step_id=breathe_intro
1763137731,flow_step,panic,1,,,,step_id=breathe_steps
1763137756,flow_start,panic,0,,,,intent=breathing_exercise
1763137756,flow_step,panic,1,,,,step_id=breathe_intro
1763137756,flow_step,panic,1,,,,step_id=breathe_steps
1763137757,flow_step,panic,2,,,,step_id=grounding
1763137757,flow_start,detachment,0,,,,intent=grounding_exercise
1763137757,flow_step,detachment,1,,,,step_id=orient
1763137757,flow_step,detachment,1,,,,step_id=sensory
1763137758,flow_start,irritation,0,,,,intent=anger_management
1763137758,flow_step,irritation,1,,,,step_id=pause
1763137758,flow_step,irritation,1,,,,step_id=breath_box
1763137758,flow_start,sadness,0,,,,intent=affirmation_request
1763137758,flow_step,sadness,1,,,,step_id=validate
1763137758,flow_step,sadness,1,,,,step_id=breathe
1763137758,flow_start,panic,0,,,,intent=breathing_exercise
1763137759,flow_step,panic,1,,,,step_id=breathe_intro
1763137759,flow_step,panic,1,,,,step_id=breathe_steps
1763137759,flow_step,panic,2,,,,step_id=grounding
1763137759,flow_step,panic,3,,,,step_id=affirmation
1763137759,flow_step,panic,4,,,,step_id=mood_post
1763137759,mood_baseline,panic,5,7,,,
1763137759,flow_start,panic,0,,,,intent=breathing_exercise
1763137759,flow_step,panic,1,,,,step_id=breathe_intro
1763137759,flow_step,panic,1,,,,step_id=breathe_steps
1763137759,flow_step,panic,2,,,,step_id=grounding
1763137759,flow_step,panic,3,,,,step_id=affirmation
1763137759,flow_step,panic,4,,,,step_id=mood_post
1763137759,flow_start,panic,0,,,,intent=breathing_exercise
1763137759,flow_step,panic,1,,,,step_id=breathe_intro
1763137759,flow_step,panic,1,,,,step_id=breathe_steps
1763137760,flow_start,irritation,0,,,,intent=anger_management;interrupted_previous=True
1763137761,flow_start,panic,0,,,,intent=breathing_exercise
1763137761,flow_step,panic,1,,,,step_id=breathe_intro
1763137761,flow_step,panic,1,,,,step_id=breathe_steps
1763137762,flow_start,panic,0,,,,intent=breathing_exercise
1763137762,flow_step,panic,1,,,,step_id=breathe_intro
1763137762,flow_step,panic,1,,,,step_id=breathe_steps
1763137762,flow_step,panic,2,,,,step_id=grounding
1763137762,flow_step,panic,3,,,,step_id=affirmation
1763137762,flow_step,panic,4,,,,step_id=mood_post
1763137762,mood_baseline,panic,5,8,,,
1763137762,flow_start,panic,0,8,,,intent=greeting_start
1763137762,flow_step,panic,1,8,,,step_id=breathe_intro
1763137781,flow_start,panic,0,,,,intent=breathing_exercise
1763137781,flow_step,panic,1,,,,step_id=breathe_intro
1763137781,flow_step,panic,1,,,,step_id=breathe_steps
1763137781,flow_step,panic,2,,,,step_id=grounding
1763137781,flow_start,detachment,0,,,,intent=grounding_exercise
1763137781,flow_step,detachment,1,,,,step_id=orient
1763137781,flow_step,detachment,1,,,,step_id=sensory
1763137782,flow_start,irritation,0,,,,intent=anger_management
1763137782,flow_step,irritation,1,,,,step_id=pause
1763137782,flow_step,irritation,1,,,,step_id=breath_box
1763137782,flow_start,sadness,0,,,,intent=affirmation_request
1763137782,flow_step,sadness,1,,,,step_id=validate
1763137782,flow_step,sadness,1,,,,step_id=breathe
1763137783,flow_start,panic,0,,,,intent=breathing_exercise
1763137783,flow_step,panic,1,,,,step_id=breathe_intro
1763137783,flow_step,panic,1,,,,step_id=breathe_steps
1763137783,flow_step,panic,2,,,,step_id=grounding
1763137783,flow_step,panic,3,,,,step_id=affirmation
1763137783,flow_step,panic,4,,,,step_id=mood_post
1763137783,mood_baseline,panic,5,7,,,
1763137783,flow_start,panic,0,,,,intent=breathing_exercise
1763137783,flow_step,panic,1,,,,step_id=breathe_intro
1763137783,flow_step,panic,1,,,,step_id=breathe_steps
1763137783,flow_step,panic,2,,,,step_id=grounding
1763137783,flow_step,panic,3,,,,step_id=affirmation
1763137783,flow_step,panic,4,,,,step_id=mood_post
1763137784,flow_start,panic,0,,,,intent=breathing_exercise
1763137784,flow_step,panic,1,,,,step_id=breathe_intro
1763137784,flow_step,panic,1,,,,step_id=breathe_steps
1763137784,flow_start,irritation,0,,,,intent=anger_management;interrupted_previous=True
1763137785,flow_start,panic,0,,,,intent=breathing_exercise
1763137785,flow_step,panic,1,,,,step_id=breathe_intro
1763137785,flow_step,panic,1,,,,step_id=breathe_steps
1763137786,flow_start,panic,0,,,,intent=breathing_exercise
1763137786,flow_step,panic,1,,,,step_id=breathe_intro
1763137786,flow_step,panic,1,,,,step_id=breathe_steps
1763137786,flow_step,panic,2,,,,step_id=grounding
1763137786,flow_step,panic,3,,,,step_id=affirmation
1763137786,flow_step,panic,4,,,,step_id=mood_post
1763137786,mood_baseline,panic,5,8,,,
1763137786,flow_start,panic,0,8,,,intent=greeting_start
1763137786,flow_step,panic,1,8,,,step_id=breathe_intro
1763142371,flow_start,panic,0,,,,intent=breathing_exercise
1763142371,flow_step,panic,1,,,,step_id=breathe_intro
1763142371,flow_step,panic,1,,,,step_id=breathe_steps
1763142372,flow_step,panic,2,,,,step_id=grounding
1763142373,flow_start,detachment,0,,,,intent=grounding_exercise
1763142373,flow_step,detachment,1,,,,step_id=orient
1763142373,flow_step,detachment,1,,,,step_id=sensory
1763142374,flow_start,irritation,0,,,,intent=anger_management
1763142374,flow_step,irritation,1,,,,step_id=pause
1763142374,flow_step,irritation,1,,,,step_id=breath_box
1763142375,flow_start,sadness,0,,,,intent=affirmation_request
1763142375,flow_step,sadness,1,,,,step_id=validate
1763142375,flow_step,sadness,1,,,,step_id=breathe
1763142376,flow_start,panic,0,,,,intent=breathing_exercise
1763142376,flow_step,panic,1,,,,step_id=breathe_intro
1763142376,flow_step,panic,1,,,,step_id=breathe_steps
1763142376,flow_step,panic,2,,,,step_id=grounding
1763142376,flow_step,panic,3,,,,step_id=affirmation
1763142376,flow_step,panic,4,,,,step_id=mood_post
1763142376,mood_baseline,panic,5,7,,,
1763142377,flow_start,panic,0,,,,intent=breathing_exercise
1763142377,flow_step,panic,1,,,,step_id=breathe_intro
1763142377,flow_step,panic,1,,,,step_id=breathe_steps
1763142377,flow_step,panic,2,,,,step_id=grounding
1763142377,flow_step,panic,3,,,,step_id=affirmation
1763142377,flow_step,panic,4,,,,step_id=mood_post
1763142378,flow_start,panic,0,,,,intent=breathing_exercise
1763142378,flow_step,panic,1,,,,step_id=breathe_intro
1763142378,flow_step,panic,1,,,,step_id=breathe_steps
1763142379,flow_start,irritation,0,,,,intent=anger_management;interrupted_previous=True
1763142381,flow_start,panic,0,,,,intent=breathing_exercise
1763142381,flow_step,panic,1,,,,step_id=breathe_intro
1763142381,flow_step,panic,1,,,,step_id=breathe_steps
1763142382,flow_start,panic,0,,,,intent=breathing_exercise
1763142382,flow_step,panic,1,,,,step_id=breathe_intro
1763142382,flow_step,panic,1,,,,step_id=breathe_steps
1763142382,flow_step,panic,2,,,,step_id=grounding
1763142382,flow_step,panic,3,,,,step_id=affirmation
1763142382,flow_step,panic,4,,,,step_id=mood_post
1763142382,mood_baseline,panic,5,8,,,
1763142383,flow_start,panic,0,8,,,intent=greeting_start
1763142383,flow_step,panic,1,8,,,step_id=breathe_intro
1763143175,flow_start,panic,0,,,,intent=breathing_exercise
1763143175,flow_step,panic,1,,,,step_id=breathe_intro
1763143175,flow_step,panic,1,,,,step_id=breathe_steps
1763143176,flow_step,panic,2,,,,step_id=grounding
1763143176,flow_start,detachment,0,,,,intent=grounding_exercise
1763143176,flow_step,detachment,1,,,,step_id=orient
1763143176,flow_step,detachment,1,,,,step_id=sensory
1763143177,flow_start,irritation,0,,,,intent=anger_management
1763143177,flow_step,irritation,1,,,,step_id=pause
1763143177,flow_step,irritation,1,,,,step_id=breath_box
1763143178,flow_start,sadness,0,,,,intent=affirmation_request
1763143178,flow_step,sadness,1,,,,step_id=validate
1763143178,flow_step,sadness,1,,,,step_id=breathe
1763143179,flow_start,panic,0,,,,intent=breathing_exercise
1763143179,flow_step,panic,1,,,,step_id=breathe_intro
1763143179,flow_step,panic,1,,,,step_id=breathe_steps
1763143179,flow_step,panic,2,,,,step_id=grounding
1763143179,flow_step,panic,3,,,,step_id=affirmation
1763143179,flow_step,panic,4,,,,step_id=mood_post
1763143179,mood_baseline,panic,5,7,,,
1763143180,flow_start,panic,0,,,,intent=breathing_exercise
1763143180,flow_step,panic,1,,,,step_id=breathe_intro
1763143180,flow_step,panic,1,,,,step_id=breathe_steps
1763143180,flow_step,panic,2,,,,step_id=grounding
1763143180,flow_step,panic,3,,,,step_id=affirmation
1763143180,flow_step,panic,4,,,,step_id=mood_post
1763143181,flow_start,panic,0,,,,intent=breathing_exercise
1763143181,flow_step,panic,1,,,,step_id=breathe_intro
1763143181,flow_step,panic,1,,,,step_id=breathe_steps
1763143182,flow_start,irritation,0,,,,intent=anger_management;interrupted_previous=True
1763143184,flow_start,panic,0,,,,intent=breathing_exercise
1763143184,flow_step,panic,1,,,,step_id=breathe_intro
1763143184,flow_step,panic,1,,,,step_id=breathe_steps
1763143185,flow_start,panic,0,,,,intent=breathing_exercise
1763143185,flow_step,panic,1,,,,step_id=breathe_intro
1763143185,flow_step,panic,1,,,,step_id=breathe_steps
1763143185,flow_step,panic,2,,,,step_id=grounding
1763143185,flow_step,panic,3,,,,step_id=affirmation
1763143185,flow_step,panic,4,,,,step_id=mood_post
1763143185,mood_baseline,panic,5,8,,,
1763143186,flow_start,panic,0,8,,,intent=greeting_start
1763143186,flow_step,panic,1,8,,,step_id=breathe_intro
1763143340,flow_start,panic,0,,,,intent=breathing_exercise
1763143340,flow_step,panic,1,,,,step_id=breathe_intro
1763143340,flow_step,panic,1,,,,step_id=breathe_steps
1763143340,flow_step,panic,2,,,,step_id=grounding
1763143340,flow_step,panic,3,,,,step_id=affirmation
1763143344,flow_start,irritation,0,,,,intent=anger_management
1763143344,flow_step,irritation,1,,,,step_id=pause
1763143344,flow_step,irritation,1,,,,step_id=breath_box
1763143345,flow_step,irritation,2,,,,step_id=label
1763143345,flow_step,irritation,3,,,,step_id=reframe
1763143347,flow_start,sadness,0,,,,intent=affirmation_request
1763143347,flow_step,sadness,1,,,,step_id=validate
1763143347,flow_step,sadness,1,,,,step_id=breathe
1763143347,flow_step,sadness,2,,,,step_id=self_compassion
1763143347,flow_step,sadness,3,,,,step_id=tiny_step
1763143347,flow_step,sadness,4,,,,step_id=mood_post
1763143347,mood_baseline,sadness,5,6,,,
1763143349,flow_start,detachment,0,,,,intent=grounding_exercise
1763143349,flow_step,detachment,1,,,,step_id=orient
1763143349,flow_step,detachment,1,,,,step_id=sensory
1763143349,flow_step,detachment,2,,,,step_id=movement
1763143349,flow_step,detachment,3,,,,step_id=affirmation
1763143349,flow_step,detachment,4,,,,step_id=mood_post
1763143349,mood_baseline,detachment,5,8,,,
1763143350,mood_baseline,,0,3,,,
1763143350,mood_update,,0,3,7,4,
1763143350,mood_update,,0,3,2,-1,
1763143350,mood_update,,0,3,9,6,
1763143352,flow_start,panic,0,,,,intent=greeting_start
1763143352,flow_step,panic,1,,,,step_id=breathe_intro
1763143352,flow_reset,panic,1,,,,
1763143365,flow_start,panic,0,,,,intent=breathing_exercise
1763143365,flow_step,panic,1,,,,step_id=breathe_intro
1763143368,flow_start,sadness,0,,,,intent=affirmation_request;interrupted_previous=True
1763143374,flow_start,panic,0,,,,intent=breathing_exercise;interrupted_previous=True
1763143374,flow_step,panic,1,,,,step_id=breathe_steps
1763143374,flow_step,panic,2,,,,step_id=grounding
1763143374,flow_step,panic,3,,,,step_id=affirmation
1763143376,flow_start,detachment,0,,,,intent=grounding_exercise;interrupted_previous=True
1763143376,flow_step,detachment,1,,,,step_id=sensory
1763143377,flow_step,detachment,2,,,,step_id=movement
1763143379,flow_start,sadness,0,,,,intent=affirmation_request;interrupted_previous=True
1763143379,flow_step,sadness,1,,,,step_id=breathe
1763143382,flow_start,irritation,0,,,,intent=anger_management;interrupted_previous=True
1763143382,flow_step,irritation,1,,,,step_id=breath_box
1763143470,flow_start,panic,0,,,,intent=breathing_exercise
1763143470,flow_step,panic,1,,,,step_id=breathe_intro
1763143474,flow_step,panic,1,,,,step_id=breathe_steps
1763143477,flow_step,panic,2,,,,step_id=grounding
1763143484,flow_step,panic,3,,,,step_id=affirmation
1763143488,flow_step,panic,4,,,,step_id=mood_post
1763143489,mood_baseline,panic,5,8,,,
1763143515,flow_start,panic,0,,,,intent=breathing_exercise
1763143515,flow_step,panic,1,,,,step_id=breathe_intro
1763143515,flow_step,panic,1,,,,step_id=breathe_steps
1763143515,flow_step,panic,2,,,,step_id=grounding
1763143515,flow_step,panic,3,,,,step_id=affirmation
1763143515,flow_step,panic,4,,,,step_id=mood_post
1763143515,mood_baseline,panic,5,7,,,
1763143547,flow_start,panic,0,,,,intent=breathing_exercise
1763143547,flow_step,panic,1,,,,step_id=breathe_intro
1763143547,flow_step,panic,1,,,,step_id=breathe_steps
1763143548,flow_step,panic,2,,,,step_id=grounding
1763143549,flow_start,detachment,0,,,,intent=grounding_exercise
1763143549,flow_step,detachment,1,,,,step_id=orient
1763143549,flow_step,detachment,1,,,,step_id=sensory
1763143549,flow_start,irritation,0,,,,intent=anger_management
1763143549,flow_step,irritation,1,,,,step_id=pause
1763143549,flow_step,irritation,1,,,,step_id=breath_box
1763143550,flow_start,sadness,0,,,,intent=affirmation_request
1763143550,flow_step,sadness,1,,,,step_id=validate
1763143550,flow_step,sadness,1,,,,step_id=breathe
1763143551,flow_start,panic,0,,,,intent=breathing_exercise
1763143551,flow_step,panic,1,,,,step_id=breathe_intro
1763143551,flow_step,panic,1,,,,step_id=breathe_steps
1763143551,flow_step,panic,2,,,,step_id=grounding
1763143551,flow_step,panic,3,,,,step_id=affirmation
1763143551,flow_step,panic,4,,,,step_id=mood_post
1763143551,mood_baseline,panic,5,7,,,
1763143552,flow_start,panic,0,,,,intent=breathing_exercise
1763143552,flow_step,panic,1,,,,step_id=breathe_intro
1763143552,flow_step,panic,1,,,,step_id=breathe_steps
1763143552,flow_step,panic,2,,,,step_id=grounding
1763143552,flow_step,panic,3,,,,step_id=affirmation
1763143552,flow_step,panic,4,,,,step_id=mood_post
1763143553,flow_start,panic,0,,,,intent=breathing_exercise
1763143553,flow_step,panic,1,,,,step_id=breathe_intro
1763143553,flow_step,panic,1,,,,step_id=breathe_steps
1763143554,flow_start,irritation,0,,,,intent=anger_management;interrupted_previous=True
1763143556,flow_start,panic,0,,,,intent=breathing_exercise
1763143556,flow_step,panic,1,,,,step_id=breathe_intro
1763143556,flow_step,panic,1,,,,step_id=breathe_steps
1763143558,flow_start,panic,0,,,,intent=breathing_exercise
1763143558,flow_step,panic,1,,,,step_id=breathe_intro
1763143558,flow_step,panic,1,,,,step_id=breathe_steps
1763143558,flow_step,panic,2,,,,step_id=grounding
1763143558,flow_step,panic,3,,,,step_id=affirmation
1763143558,flow_step,panic,4,,,,step_id=mood_post
1763143558,mood_baseline,panic,5,8,,,
1763143558,flow_start,panic,0,8,,,intent=greeting_start
1763143558,flow_step,panic,1,8,,,step_id=breathe_intro
1764027864,flow_start,panic,0,,,,intent=breathing_exercise
1764027864,flow_step,panic,1,,,,step_id=breathe_intro
1764027876,flow_step,panic,1,,,,step_id=breathe_steps
1764027888,flow_step,panic,2,,,,step_id=grounding
1764027906,flow_step,panic,3,,,,step_id=affirmation
1764027912,flow_step,panic,4,,,,step_id=mood_post
1764027916,mood_baseline,panic,5,8,,,
1764028803,flow_start,panic,0,,,,intent=breathing_exercise
1764028803,flow_step,panic,1,,,,step_id=breathe_intro
1764028803,flow_step,panic,1,,,,step_id=breathe_steps
1764028803,flow_step,panic,2,,,,step_id=grounding
1764028803,flow_step,panic,3,,,,step_id=affirmation
1764028833,flow_start,panic,0,,,,intent=breathing_exercise
1764028833,flow_step,panic,1,,,,step_id=breathe_intro
1764028833,flow_step,panic,1,,,,step_id=breathe_steps
1764028833,flow_step,panic,2,,,,step_id=grounding
1764028833,flow_step,panic,3,,,,step_id=affirmation
1764028833,flow_step,panic,4,,,,step_id=mood_post
1764028932,flow_start,panic,0,,,,intent=breathing_exercise
1764028932,flow_step,panic,1,,,,step_id=breathe_intro
1764028937,flow_step,panic,1,,,,step_id=breathe_steps
1764028940,flow_step,panic,2,,,,step_id=grounding
1764028942,flow_step,panic,3,,,,step_id=affirmation
1764028948,flow_step,panic,4,,,,step_id=mood_post
1764028952,mood_baseline,panic,5,9,,,
